id,Akhal-Teke,Appaloosa,Arabian,Friesian,Orlov Trotter,Percheron,Vladimir Heavy Draft
06_113,2.9846962e-07,1.0450923e-09,0.99994123,4.771184e-10,5.8417234e-05,4.364654e-09,4.1165436e-09
04_012,0.00016612536,1.8820895e-08,2.6447851e-06,3.6946155e-08,0.0063544926,0.0019667547,0.9915099
06_046,2.804589e-07,1.5397995e-09,0.99998,7.226634e-10,1.9605344e-05,5.7081335e-09,1.8850139e-07
04_001,7.775752e-09,3.1574895e-11,4.1729286e-06,7.102212e-11,2.187622e-05,3.7436328e-06,0.9999702
03_052,0.16222516,0.010101102,0.07131387,0.029192362,0.6597267,0.031479243,0.0359616
06_088,3.489658e-11,3.9152983e-14,1.0,9.411137e-15,1.00011235e-08,1.4798653e-14,2.2049007e-10
01_017,0.9908881,1.8841786e-06,8.823703e-05,7.1046884e-06,0.008796305,6.355578e-05,0.00015490512
07_105,1.8062246e-05,2.4318255e-05,0.00048091612,0.99136716,4.9782648e-05,0.007808325,0.00025151134
03_104,0.02494521,0.00029571826,0.0017409524,0.0003152044,0.93017817,0.021416,0.021108817
07_064,0.009636851,0.011517786,0.16910371,0.75852174,0.015025363,0.027569393,0.008625124
02_096,0.00020685272,0.9387126,0.0022066438,0.00014545971,0.05697311,0.0016083327,0.000146991
07_110,1.2416953e-12,1.4882906e-12,1.05101004e-10,0.99999976,5.1903683e-11,2.5808512e-07,3.270618e-10
07_120,9.898703e-06,1.00316265e-05,0.00010748666,0.994238,4.7824677e-05,0.0053825323,0.00020408747
05_043,5.2732616e-05,5.2458613e-08,7.008811e-07,8.6081855e-07,0.0017221463,0.071697794,0.9265257
07_059,3.1724503e-09,5.2724345e-09,2.7187292e-07,0.99997544,2.4649841e-08,2.4209838e-05,1.5455599e-07
01_100,0.24489911,0.00048850523,0.26606572,0.0009617188,0.4726835,0.002668257,0.012233173
05_004,0.0012539269,0.00027263726,0.00050956407,0.0031214035,0.044825856,0.82966226,0.12035435
01_037,0.9980415,2.3335879e-07,4.667969e-06,8.218312e-07,0.0019234697,1.2754185e-05,1.6583417e-05
05_001,0.00011511519,2.6511638e-05,0.00016371686,0.01584543,0.0029951597,0.96143466,0.019419365
02_030,3.1511032e-19,1.0,1.505624e-13,3.15488e-19,1.1740907e-11,2.0667541e-14,1.7367246e-17
01_048,0.065101355,0.00057197956,0.121192716,0.0012601269,0.6480432,0.017366938,0.1464637
06_005,3.625225e-11,2.6735179e-14,1.0,7.0383517e-15,6.319322e-09,5.8609877e-15,3.414685e-10
06_100,2.4686496e-08,9.557049e-11,0.99999845,2.7274913e-11,1.369739e-06,3.252974e-11,2.1370936e-07
07_075,3.8857195e-10,7.176834e-10,7.9507544e-08,0.99995625,1.7641689e-09,4.347227e-05,6.064407e-08
06_002,3.712148e-12,1.2562969e-15,1.0,3.0171835e-16,2.1122393e-09,1.152434e-15,2.3053398e-11
02_092,3.218823e-19,1.0,1.2802167e-13,2.5970548e-19,1.5153575e-11,2.7724095e-14,3.2260666e-17
04_035,0.0007799932,0.00021320472,0.0074259546,0.00026680395,0.069617406,0.015636168,0.9060605
03_058,0.33472896,0.000162186,0.0075092344,0.00013081332,0.6537714,0.0019019138,0.0017954905
02_060,4.6098403e-25,1.0,1.6243726e-17,4.6471653e-25,2.4948068e-15,5.1741874e-19,4.901953e-23
03_073,0.00010433839,9.753522e-07,0.00022239675,2.4666178e-07,0.9992853,0.00035335738,3.343052e-05
01_029,0.9402162,2.930892e-06,3.6276157e-05,1.5788775e-05,0.0552528,0.0017342644,0.002741784
07_004,1.7497312e-08,1.4805118e-08,2.6503164e-07,0.9999511,4.2814483e-07,4.7105506e-05,1.055626e-06
04_009,6.8084677e-07,5.411049e-11,5.3269504e-09,2.8218883e-10,0.00010574729,0.00044588494,0.99944764
01_054,0.9944371,2.4480627e-07,4.9310875e-06,1.10086e-06,0.005454847,4.379637e-05,5.7990615e-05
06_085,4.145237e-13,2.6324476e-16,1.0,3.0639944e-17,3.74638e-10,5.4394752e-17,2.0495816e-12
07_038,4.4353803e-13,9.155146e-13,8.334513e-11,0.99999976,7.610704e-12,2.2484448e-07,2.2326063e-10
04_013,0.00019056509,1.6525891e-07,0.0028027208,9.9011096e-08,0.005354943,0.00033147304,0.9913201
06_045,1.1940959e-11,3.1864179e-15,1.0,9.335864e-16,3.905702e-09,1.9734491e-15,4.2765375e-12
02_085,2.7495436e-18,1.0,6.888796e-13,2.5272556e-18,4.261208e-11,5.4837252e-14,6.6508696e-17
01_059,0.80463773,0.000383836,0.011724375,0.0010853849,0.17320144,0.002775865,0.006191421
01_077,0.94934326,1.0665179e-05,0.00011717548,6.658133e-05,0.046314333,0.0017294241,0.0024185348
07_022,1.0521477e-11,2.3288217e-11,1.5076222e-09,0.9999987,1.0618231e-10,1.3224981e-06,2.3586542e-09
03_106,0.0013318271,3.4036761e-06,0.000737718,1.4528863e-06,0.9976205,0.00025597968,4.9165163e-05
02_061,4.1337382e-09,0.9999782,3.62833e-06,1.747607e-08,1.6633354e-05,1.5742248e-06,4.739067e-08
06_011,1.5809514e-15,2.6344126e-19,1.0,1.2389937e-20,4.183356e-12,4.7381116e-20,5.533939e-14
03_069,8.926558e-05,1.4643903e-06,0.00012703336,2.4744227e-07,0.9992249,0.00051509344,4.208039e-05
03_081,7.1038808e-06,2.6151614e-08,7.168229e-05,2.5031162e-09,0.9998889,3.1128802e-05,1.2179135e-06
02_003,3.748028e-19,1.0,2.506858e-13,3.077885e-19,3.1764907e-11,2.0645713e-14,3.0974165e-17
02_100,3.38294e-17,1.0,4.4733436e-12,4.228792e-17,2.2670431e-10,5.1263735e-13,9.648176e-16
05_012,0.15867877,0.00014080266,0.00025979776,0.00075236184,0.33837935,0.3158551,0.1859339
02_020,6.9066985e-14,1.0,1.8726005e-09,2.572874e-13,3.1958514e-08,7.0576067e-10,1.962121e-12
01_047,0.17772079,0.00016010134,0.003309264,0.0002386568,0.7939701,0.005373336,0.019227756
06_099,1.6417856e-07,1.795396e-09,0.9999527,3.900036e-10,1.7904104e-05,2.9933214e-09,2.9375627e-05
03_032,0.0011774712,0.00014137694,0.008377394,4.599319e-05,0.9874221,0.0019326949,0.0009028984
06_007,3.8767302e-11,3.867603e-14,1.0,5.2456848e-15,1.3174266e-08,2.7343096e-14,5.5500307e-09
06_070,3.545269e-08,2.771714e-10,0.99998736,1.4365016e-10,1.2654888e-05,1.598413e-09,4.7974416e-09
04_017,3.7788132e-06,4.9174003e-09,1.2740476e-07,2.562448e-08,0.00066677504,0.008488457,0.9908408
06_027,0.0010799947,3.5908462e-05,0.9888837,3.6202346e-05,0.009723958,5.2243908e-05,0.00018809161
07_070,3.219405e-16,4.4581726e-16,7.1615036e-14,1.0,1.1862265e-13,1.0209797e-09,4.7030495e-13
03_034,0.70008,1.8521387e-05,0.00019358456,5.3216423e-05,0.2937908,0.0030640704,0.0027997443
06_118,2.6828613e-06,7.154631e-08,0.9998016,6.8139876e-08,0.00019481058,1.6080412e-07,5.9969005e-07
01_084,7.2953037e-07,6.5145095e-10,0.9999926,3.3607522e-10,6.323903e-06,2.0752516e-10,3.3727883e-07
07_056,1.1213796e-11,1.739041e-11,3.3016787e-09,0.9999833,1.8243611e-10,1.6724982e-05,8.410461e-09
03_095,0.8653272,0.0001332824,0.0016611855,0.0001699588,0.12951449,0.0013097313,0.0018841604
06_054,2.0738779e-10,2.7460805e-13,0.9999999,8.969542e-14,6.408246e-08,4.7440236e-13,1.2140625e-10
07_043,6.2513644e-10,1.3429526e-09,1.4650281e-07,0.9999534,4.396424e-09,4.6410434e-05,8.3985434e-08
06_058,0.00033003654,1.4990069e-06,0.99442106,4.8186166e-07,0.0039540045,4.3007785e-06,0.0012885643
06_066,6.141138e-11,1.01248755e-13,1.0,1.6107629e-14,1.9171077e-08,6.49535e-14,5.806016e-10
05_031,2.581563e-05,5.602866e-07,6.784358e-07,1.9309638e-05,0.0033406287,0.9768182,0.019794835
01_078,0.9497812,1.3720363e-06,2.8810751e-05,6.1686987e-06,0.04808946,0.0006074803,0.0014857367
02_059,9.133049e-21,1.0,2.0390983e-14,1.9719015e-20,1.0531503e-12,1.055566e-15,5.626585e-19
02_101,1.3916959e-09,0.99996126,9.1410203e-07,4.352637e-09,3.7028112e-05,6.772983e-07,1.2137274e-08
01_086,0.9864499,1.964682e-06,4.8076457e-05,9.751986e-06,0.012958479,0.0002028775,0.00032896275
02_075,4.56442e-15,1.0,1.4643721e-10,7.684956e-15,4.2189727e-09,1.325116e-11,4.855217e-14
01_096,0.49867037,0.00041230328,0.0070406566,0.0012295234,0.46133777,0.0073794667,0.023929888
07_082,8.745426e-05,0.00010145326,0.0020161578,0.9850637,0.00012783949,0.012042342,0.0005610344
06_050,1.6272257e-09,1.498105e-12,0.9999999,3.2362847e-13,1.5285426e-07,5.743708e-13,9.545887e-09
03_012,0.32198837,3.5019268e-05,0.0006671534,6.442645e-05,0.67129457,0.0024067438,0.0035437474
02_104,7.081797e-06,0.9930687,0.00045090585,3.6213234e-05,0.00564581,0.00072744756,6.3866624e-05
02_007,6.014376e-20,1.0,5.3207093e-14,6.950791e-20,6.147042e-12,5.0644316e-15,4.416629e-18
06_122,2.5961957e-09,1.914728e-12,0.99999976,5.293047e-13,2.1156598e-07,9.946901e-13,7.429211e-09
04_025,8.894341e-09,1.7570062e-10,2.4671928e-07,2.1487972e-08,7.820302e-06,0.0009120626,0.9990798
01_076,0.5588963,6.06848e-05,0.00064914615,0.00022506621,0.34560618,0.021015218,0.07354734
07_080,1.2330428e-13,1.2546697e-13,1.5527583e-11,0.9999999,1.4961383e-11,8.254413e-08,7.7801286e-11
06_020,3.404947e-11,1.9574691e-14,1.0,5.955034e-15,1.0516752e-08,1.5675605e-14,1.2843342e-11
03_097,0.0074343067,1.1022407e-05,0.00031884128,7.0825313e-06,0.9907622,0.0011377872,0.00032877864
05_024,6.5972825e-05,8.407573e-06,5.0535047e-05,0.00067603413,0.005059258,0.9686998,0.025440069
01_062,0.41765785,0.004634935,0.04599364,0.014761317,0.41259053,0.037824087,0.066537656
05_040,0.00048930146,5.567532e-05,0.0006067004,0.0023406297,0.09254021,0.89228415,0.011683333
05_007,0.008104612,0.00010097709,0.00048483288,0.0009716217,0.049975254,0.38042697,0.55993575
07_057,2.5591685e-06,2.5617592e-06,1.8009132e-05,0.99940276,3.205883e-05,0.00050008297,4.198209e-05
01_107,0.96471244,2.9376251e-05,0.0010810904,9.7450196e-05,0.032608375,0.00058665243,0.00088470476
06_091,4.8215948e-06,9.104021e-08,0.99902296,5.1410108e-08,0.00096971716,7.913992e-07,1.5040121e-06
03_103,0.7510911,1.7736738e-06,1.5031436e-05,1.43172265e-05,0.21187225,0.008773322,0.028232148
01_103,0.015534093,1.6239524e-05,0.00085749145,2.907517e-05,0.1273576,0.021623304,0.8345822
07_088,0.010176281,0.015389367,0.28366747,0.5946178,0.01948122,0.06536267,0.011305122
03_054,0.015864383,7.966876e-06,0.00017212219,4.127898e-06,0.9825258,0.0010995023,0.00032611602
05_045,3.321958e-09,1.8568423e-10,3.1415934e-09,5.077872e-08,0.0012339478,0.9985832,0.0001828144
07_113,0.004608611,0.005325893,0.013126114,0.8252839,0.0875985,0.044397723,0.019659244
01_043,0.89538944,1.6580107e-05,0.00010346678,5.5641976e-05,0.099958524,0.0020195371,0.0024570127
06_086,3.044275e-09,8.4912095e-12,0.9999995,2.7986088e-12,4.5119216e-07,6.751756e-12,5.11516e-09
05_044,0.005585165,0.00022186844,0.023761664,0.0011773588,0.90321916,0.06113394,0.0049008294
07_084,6.990044e-06,8.814411e-06,0.00022590137,0.98977995,2.2850612e-05,0.009814696,0.00014066815
01_036,0.7029402,0.00019063227,0.08448393,0.00065330614,0.20151731,0.0012868735,0.008927776
01_040,0.15815407,0.0007528296,0.1114145,0.0018045455,0.51945025,0.017547976,0.1908759
03_056,1.5643176e-05,1.2649252e-07,4.087216e-06,1.0594916e-08,0.9996269,0.00034817078,4.9972805e-06
01_008,0.9987735,1.3884882e-08,1.5783024e-07,5.2306827e-08,0.0012158185,4.0392424e-06,6.4832916e-06
01_082,0.9883548,1.9741319e-07,2.462241e-06,1.771033e-06,0.011176848,0.00017552612,0.00028836605
03_040,0.04854597,0.0069642942,0.0735074,0.010453581,0.57823145,0.049123723,0.23317367
02_015,1.3026415e-20,1.0,1.5357202e-14,1.6235896e-20,1.7815568e-12,1.892837e-15,9.288427e-19
02_021,1.1352898e-11,0.9999995,3.870735e-08,1.8141428e-11,4.353331e-07,7.700691e-09,1.3337297e-10
02_047,8.8677615e-23,1.0,4.898886e-16,6.721782e-23,1.5724934e-13,4.4177433e-17,1.9903337e-20
02_091,0.005850473,0.021866353,0.013977466,0.0042948434,0.37152058,0.14480647,0.43768382
06_008,1.601478e-10,1.3817324e-14,1.0,4.254215e-15,1.6110999e-08,9.353122e-15,4.6953642e-11
01_049,0.7662523,6.181254e-05,0.0014507053,0.00012756343,0.22755317,0.0011374067,0.0034170023
01_044,0.0060112905,8.186172e-06,0.0025218118,2.6586038e-06,0.9906748,0.0004468944,0.00033444838
06_029,9.001722e-12,1.4393189e-15,1.0,3.7704618e-16,4.513357e-09,1.3335513e-15,4.33678e-12
03_098,0.04551673,0.008928446,0.055793583,0.042082142,0.7578601,0.067758344,0.02206062
06_117,2.89024e-05,3.2380234e-07,0.99612683,1.6451435e-07,0.0038378169,1.2643134e-06,4.7141702e-06
02_039,1.1065785e-22,1.0,3.847219e-16,9.330063e-23,7.532698e-14,5.3643037e-17,1.6149541e-20
06_114,1.3138863e-07,3.4697367e-11,0.99987113,1.6855756e-11,0.00012868532,5.410228e-10,1.2206726e-09
01_089,0.965132,3.7924638e-06,5.991406e-05,1.4007683e-05,0.034194175,0.0002370203,0.0003590809
05_047,1.8069209e-06,1.2310724e-08,7.3959505e-08,2.0037428e-06,0.0050532925,0.9935002,0.0014426028
07_117,1.6791281e-14,7.328551e-14,2.5697965e-11,0.9999999,2.7543424e-13,1.5066455e-07,2.263844e-11
07_051,3.950945e-10,3.4593653e-10,1.5200921e-08,0.99998987,7.715495e-09,1.0154414e-05,5.0143978e-08
02_079,1.379779e-09,0.9999789,1.7158001e-06,3.809314e-09,1.9249259e-05,2.4301872e-07,5.9703935e-09
01_105,0.014729425,5.184399e-05,0.9517826,4.1563886e-05,0.032550436,6.974309e-05,0.00077437767
05_038,8.238591e-09,1.3553444e-10,2.9999638e-09,8.4213504e-08,5.2048927e-05,0.9974081,0.0025396626
01_028,0.9578142,1.4293739e-06,2.0020052e-05,9.884168e-06,0.039703965,0.00089589105,0.0015546192
03_061,1.2056647e-07,8.146856e-10,3.8280334e-07,2.8316115e-11,0.9999695,3.0072553e-05,3.9860122e-08
01_025,2.0676574e-05,5.2349257e-08,0.99953794,1.359375e-08,0.00029275185,6.093738e-08,0.00014840711
06_036,6.5052075e-10,8.133614e-13,0.9999999,2.3274321e-13,1.0653741e-07,4.613914e-13,1.2969467e-09
01_095,0.025310772,0.00079550757,0.49219245,0.00070973276,0.3097983,0.0049482286,0.1662451
03_076,0.0019283937,6.2593294e-06,0.0002422412,1.934899e-06,0.99718034,0.0005284136,0.00011241899
06_019,7.515059e-11,1.6466989e-13,1.0,5.795405e-14,5.7173054e-08,3.716206e-13,7.173487e-12
05_011,8.2085e-05,5.8580677e-06,1.9003051e-05,0.00019725901,0.004366096,0.8872036,0.1081262
04_028,1.6688317e-06,3.386533e-09,1.6626592e-07,1.0678402e-08,0.00045019138,0.0016677825,0.9978802
02_028,1.0227539e-08,0.99995804,5.2514e-06,3.335269e-08,3.4597062e-05,2.0630978e-06,9.598839e-08
02_095,1.0555027e-28,1.0,2.9043265e-20,5.9605365e-29,3.807098e-17,1.458449e-21,1.0094809e-25
01_064,0.58990866,0.000107214946,0.24149859,0.00013988253,0.15908119,0.0003943343,0.0088700475
01_097,0.3356466,0.0015769047,0.024206221,0.0024143085,0.4772551,0.035009667,0.123891205
07_068,2.7768016e-10,4.5370457e-10,1.865336e-08,0.99999595,1.0361052e-08,4.0338473e-06,2.3331404e-08
02_068,2.7655018e-25,1.0,1.3214824e-17,2.3210967e-25,1.5962164e-15,2.7514622e-19,2.5879312e-23
03_014,3.183179e-05,1.2532709e-06,7.381412e-05,2.3575966e-07,0.9973526,0.0025078354,3.2419248e-05
01_011,0.4673277,0.00017335732,0.00087583717,0.0011124825,0.36303908,0.06051841,0.1069532
02_072,6.807028e-26,1.0,3.968839e-18,4.4843316e-26,1.8822955e-15,1.58523e-19,2.4036013e-23
01_080,0.8574242,3.385144e-05,0.010186048,0.000113310445,0.115072936,0.0012888928,0.015880708
03_006,0.003946493,4.8345205e-06,0.00015288912,1.6436586e-06,0.99481344,0.0007717479,0.00030893282
01_074,6.2586387e-06,1.935219e-08,0.9998946,6.452861e-09,9.293353e-05,9.223765e-09,6.049016e-06
06_094,5.260025e-10,8.0473844e-13,0.9999999,2.089969e-13,8.3329375e-08,3.975084e-13,3.5377528e-09
01_034,0.9846971,9.68805e-07,2.6445474e-05,4.4960193e-06,0.014803815,0.00017355832,0.00029366938
07_053,1.6165428e-09,3.1173468e-09,1.5801713e-07,0.9999324,1.4844427e-08,6.732623e-05,1.77595e-07
07_060,0.0003116532,0.00077206804,0.9095312,0.08406946,0.0007308584,0.0044054254,0.00017932845
06_006,2.3966037e-10,3.4989915e-13,1.0,1.10185746e-13,2.4975723e-08,1.01191225e-13,1.1668564e-09
07_003,7.4919475e-09,7.695007e-09,2.7431088e-07,0.9999516,1.1126348e-07,4.763789e-05,4.148972e-07
02_099,4.98125e-18,1.0,1.1759121e-12,9.959066e-18,5.2723475e-11,1.2147163e-13,1.7253742e-16
02_034,7.319302e-26,1.0,3.9625008e-18,5.3410635e-26,2.2317114e-15,1.636187e-19,2.6837338e-23
07_041,0.007878794,0.0060049444,0.04549938,0.7130817,0.026870914,0.16171439,0.03894981
05_033,4.9092765e-08,1.2638106e-09,9.104054e-09,2.0306571e-07,0.00030817487,0.9942748,0.0054167905
02_016,6.1973943e-19,1.0,3.2960575e-13,9.299453e-19,1.5388687e-11,1.6410355e-14,1.6544717e-17
03_067,2.2039083e-05,4.8325535e-07,4.471313e-05,8.4837545e-08,0.9998247,9.755485e-05,1.0490405e-05
05_051,3.2529348e-09,1.7121297e-10,5.295849e-09,9.98798e-08,0.0005464344,0.99936754,8.592014e-05
06_078,1.6178393e-09,3.0616124e-12,0.99999976,8.182316e-13,9.88246e-08,1.1663002e-12,1.0001717e-07
07_017,1.2846268e-05,8.720508e-06,7.0579656e-05,0.99832064,0.00012721201,0.0013051592,0.00015484028
02_062,6.3588696e-13,0.9999999,7.51303e-09,2.5383454e-12,6.465902e-08,1.0141382e-09,8.2500985e-12
02_008,3.9614178e-23,1.0,2.4967667e-16,3.5951392e-23,1.3513223e-13,3.19262e-17,5.2836662e-21
07_055,6.19246e-08,8.086294e-08,8.679701e-07,0.99992645,1.0422498e-06,6.948299e-05,1.9975835e-06
01_023,0.9433161,7.454416e-06,9.3344344e-05,4.252049e-05,0.053056724,0.0014116267,0.0020723504
07_114,3.4599342e-08,4.6489642e-08,1.3018631e-06,0.99983287,1.8064868e-07,0.00016365378,1.7307352e-06
06_097,6.062809e-12,2.07307e-15,1.0,8.8654587e-16,7.831383e-09,5.0227012e-15,3.320376e-13
03_007,0.5793869,0.00065012847,0.003225158,0.005342474,0.37404633,0.017338239,0.020010713
07_047,0.00062246516,0.000507832,0.004044209,0.9768151,0.0024877102,0.012233885,0.0032887245
03_038,2.4030073e-06,9.493068e-09,2.6088603e-06,5.504548e-10,0.99993694,5.7240897e-05,7.7864973e-07
01_033,0.95648396,1.567851e-05,0.0003356305,6.240453e-05,0.040996145,0.0008096053,0.0012964912
04_005,1.6740476e-05,5.5935395e-08,4.1961976e-06,2.7933447e-07,0.0015948729,0.0041145748,0.99426925
05_005,5.387304e-06,6.50349e-07,3.4736626e-05,8.094049e-05,0.0029543962,0.98815876,0.008765144
06_051,4.374589e-08,7.570114e-11,0.999998,2.4402612e-11,1.9737101e-06,4.7595903e-11,2.7717777e-08
06_059,7.545122e-10,1.0444983e-12,0.9999999,2.2470387e-13,7.73572e-08,3.6890795e-13,1.0291624e-08
05_027,7.252838e-08,3.732634e-09,3.9936495e-08,7.6880303e-07,0.0027948506,0.99698824,0.00021612612
05_022,7.580475e-05,1.3647791e-05,0.0001306398,0.00019767754,0.15210032,0.84274155,0.004740369
06_024,5.1507933e-11,4.262144e-14,1.0,9.1462906e-15,1.43905785e-08,2.6672529e-14,1.3812688e-10
03_101,0.41299212,3.0170588e-05,0.00016081,8.1918195e-05,0.54785377,0.01113678,0.02774439
05_056,1.5821736e-06,2.4707595e-07,1.8421215e-05,1.6025644e-05,0.0049024886,0.9935411,0.0015200118
02_063,1.9755929e-18,1.0,5.093023e-13,2.6713204e-18,2.4092478e-11,7.528461e-14,8.850755e-17
03_039,0.009493442,0.0005218703,0.005557611,0.00094603404,0.15723489,0.08402001,0.74222606
01_010,0.9677344,8.261956e-07,1.12211565e-05,6.7643164e-06,0.030495971,0.00064816047,0.0011028063
02_026,1.66377e-08,0.9999424,6.387969e-06,2.919283e-08,4.8747148e-05,2.2492436e-06,1.0169301e-07
02_076,1.2968161e-11,0.9999995,7.437295e-08,4.3951967e-11,3.1151106e-07,7.613836e-09,9.959381e-11
07_018,0.00037577405,0.00033523835,0.0015386471,0.98430276,0.0023879276,0.00823406,0.0028255999
02_052,5.639282e-20,1.0,5.0504475e-14,8.415978e-20,3.1905158e-12,3.8569633e-15,2.9129618e-18
01_114,0.7569318,5.7655874e-05,0.001688654,7.489862e-05,0.23924957,0.00082274165,0.0011747814
06_079,1.3921967e-09,1.4945586e-12,0.9999987,5.780937e-13,1.3616591e-06,9.238515e-12,4.2332703e-11
03_065,0.0030353172,1.7350858e-06,5.4299057e-05,6.8124007e-07,0.9960759,0.00067764136,0.00015435324
07_001,2.3698965e-07,3.2488865e-07,7.0508377e-06,0.9995382,1.0723345e-06,0.00044281222,1.036572e-05
06_064,2.749135e-14,2.2968916e-18,1.0,5.444514e-19,2.7637918e-11,1.0548198e-18,2.0264984e-13
01_066,0.011401483,0.00010247785,0.9486831,6.348108e-05,0.03349149,0.0001238539,0.006134236
03_049,4.8434697e-05,4.1900864e-07,0.0001408594,7.6639566e-08,0.9995776,0.00022546049,7.1232384e-06
06_098,1.5870546e-11,1.31812125e-14,1.0,2.964058e-15,6.8208887e-09,7.0120886e-15,3.0900855e-11
03_072,6.440516e-06,3.391205e-08,5.3381636e-06,1.7068049e-09,0.9999312,5.5628494e-05,1.3028396e-06
02_056,7.6552507e-13,0.9999999,7.690038e-09,1.3206114e-12,6.747344e-08,1.0528949e-09,8.56609e-12
07_036,3.0380715e-11,4.6022457e-11,4.40146e-09,0.99999774,7.00375e-10,2.2424779e-06,6.040988e-09
01_072,0.96826744,7.2763964e-06,0.00015000594,3.0887946e-05,0.029932272,0.00060296047,0.0010090083
04_008,2.1433138e-07,5.3443188e-09,6.539342e-05,2.1805164e-08,0.00026766947,3.481398e-05,0.9996319
03_033,0.9435483,3.246029e-06,8.587451e-05,1.3539461e-05,0.052248362,0.0010464316,0.0030543033
04_036,3.017915e-07,3.1759435e-09,2.3430876e-07,1.144059e-08,0.00017925023,0.011206352,0.98861384
06_089,8.954264e-09,2.3116616e-11,0.9999995,7.1582167e-12,5.2972183e-07,8.23505e-12,1.6906343e-08
01_046,0.22243084,7.74185e-05,0.0043104603,0.0001851267,0.7419493,0.004901633,0.026145218
03_053,0.00390953,3.473701e-05,0.018511087,6.681701e-05,0.9730575,0.0039757043,0.00044459474
06_115,1.9217208e-05,1.9742639e-07,0.99921596,1.3953948e-07,0.00076317496,4.4820388e-07,8.082178e-07
02_017,1.02890905e-16,1.0,1.1372668e-11,1.9074125e-16,3.3481024e-10,1.3449615e-12,3.6472167e-15
07_099,5.586666e-12,1.1065091e-11,1.9257382e-09,0.99999845,1.6495157e-10,1.5898376e-06,1.538642e-09
02_083,3.9402435e-15,1.0,1.9129964e-10,7.521525e-15,2.5919362e-09,1.1544912e-11,5.247469e-14
01_067,0.6215406,6.898841e-05,0.0005868781,0.00032399918,0.2903447,0.027143933,0.059990928
02_014,1.768514e-25,1.0,6.9388765e-18,1.3359684e-25,4.8973937e-15,3.2983747e-19,6.2459646e-23
03_087,1.7492698e-06,7.72864e-09,0.00048895425,2.3564097e-09,0.9994721,3.6532067e-05,6.0905853e-07
03_017,0.000100601326,9.515888e-07,0.00029745282,1.4333958e-07,0.9994361,0.00014942339,1.5368973e-05
02_055,3.2360067e-21,1.0,5.757193e-15,3.6528865e-21,6.0037153e-13,6.0384576e-16,3.07893e-19
01_109,0.0001060069,1.3622754e-07,0.9993838,1.3321659e-07,0.00050928287,1.2035758e-07,4.6557102e-07
01_061,0.063719586,0.012592118,0.26180065,0.025745979,0.43847448,0.032063648,0.16560352
01_116,0.21815325,8.63318e-05,0.0033371293,0.00012018765,0.7746279,0.0021693558,0.0015058464
06_032,1.8730703e-11,1.497678e-14,1.0,7.126834e-15,3.8050104e-08,9.7334135e-14,1.6904447e-12
07_111,1.202146e-09,3.191386e-09,1.983806e-07,0.99996984,7.150782e-09,2.9800005e-05,1.1155664e-07
02_051,3.5134035e-12,0.9999995,2.0442013e-08,5.809009e-12,4.3505545e-07,3.1980922e-09,3.6992777e-11
01_031,0.8507521,3.413183e-05,0.00017406592,0.00019113465,0.13298689,0.00627796,0.00958363
06_043,1.0916502e-11,1.6521021e-15,1.0,3.9261078e-16,2.437143e-09,9.210499e-16,2.515692e-12
06_003,5.1170887e-11,4.6788714e-14,1.0,1.2602671e-14,1.33372655e-08,2.6229576e-14,2.934785e-10
07_083,7.128159e-09,2.2979451e-08,2.272142e-06,0.99992335,1.8629713e-08,7.4158685e-05,2.8669544e-07
02_038,1.343728e-12,0.9999999,8.776923e-09,2.6110006e-12,1.0608462e-07,1.6133466e-09,1.9757166e-11
03_031,0.0021188627,9.060742e-05,0.0014261041,6.329345e-05,0.97192377,0.022585768,0.001791629
06_120,3.2463374e-13,2.046229e-17,1.0,4.173087e-18,2.4158708e-10,2.5239618e-17,4.734422e-14
05_009,7.254554e-08,2.6719982e-09,2.4805258e-09,1.14302566e-07,0.0007632176,0.9977054,0.0015311927
06_116,4.3310022e-09,1.4868252e-11,0.99999845,8.799525e-12,1.5616408e-06,3.3633353e-11,5.712811e-10
01_021,6.347028e-05,3.2216963e-07,0.9995129,1.4771369e-07,0.00032197998,1.7894898e-07,0.000100995705
05_041,0.000102764716,1.9525228e-06,6.009549e-06,3.017617e-05,0.007308748,0.8217094,0.17084093
06_028,5.1922556e-13,3.1229486e-17,1.0,3.7269003e-18,2.1856941e-10,9.792629e-18,2.1001278e-12
06_093,1.0565819e-09,7.493248e-13,0.9999995,3.4161825e-13,4.4878723e-07,5.9883105e-12,5.932313e-11
02_045,2.408075e-27,1.0,2.6299243e-19,1.828183e-27,1.3207977e-16,1.4836735e-20,7.9045815e-25
06_065,3.0911187e-10,3.6639406e-13,1.0,9.249767e-14,5.3521866e-08,2.3134026e-13,6.014042e-09
02_025,1.650453e-21,1.0,4.2284897e-15,1.6794138e-21,9.552716e-13,3.8596107e-16,2.8455685e-19
05_036,0.0012680356,6.7270885e-05,0.00038837112,0.00043067426,0.03849801,0.24766377,0.71168387
02_053,2.4661482e-13,1.0,2.7263019e-09,3.6564008e-13,5.1889028e-08,4.682283e-10,3.8048865e-12
06_084,4.889116e-11,2.2536562e-14,1.0,4.9369154e-15,1.4825764e-08,1.9724304e-14,6.607789e-10
05_054,1.2985514e-07,6.2472636e-09,2.3464413e-08,5.3609995e-07,0.012189228,0.9876887,0.00012133528
05_029,3.9010052e-07,1.519434e-08,2.5743728e-07,1.7378997e-06,0.009056208,0.9906308,0.00031062803
01_039,0.72066075,6.601559e-05,0.20115927,4.312789e-05,0.07771454,8.2378436e-05,0.00027398244
01_090,0.05907147,7.903058e-05,0.0014176479,7.323626e-05,0.93489355,0.0027289614,0.0017361187
01_045,0.5161563,0.000104316554,0.001331916,0.000383755,0.38367167,0.021352654,0.07699939
01_122,0.0013227111,7.2713075e-05,0.9847317,5.631889e-05,0.01107059,8.378768e-05,0.002662174
07_119,0.022095952,0.016517293,0.087324075,0.65158606,0.061600856,0.11878139,0.0420944
01_003,0.99970526,3.1037377e-08,7.3879332e-06,1.0913743e-07,0.00028583652,7.2594554e-07,7.4968693e-07
02_035,8.7189196e-18,1.0,1.5700099e-12,1.8547805e-17,7.4400534e-11,2.7747862e-13,2.6760148e-16
03_080,0.035509255,1.3526762e-06,2.0576075e-05,3.8641596e-07,0.96392393,0.0003385271,0.00020590964
06_110,1.7396936e-11,6.7677606e-15,0.9999999,1.9012965e-15,7.834628e-08,4.575631e-14,1.4695234e-13
02_031,5.999591e-14,1.0,7.4078005e-10,1.4728038e-13,1.3256261e-08,2.664533e-10,1.1355387e-12
04_018,0.00016837484,3.4166715e-06,0.00068076997,7.415193e-06,0.016178766,0.0041700383,0.97879124
01_087,0.8837124,0.00024198146,0.05906456,0.0004863017,0.05467221,0.00045723675,0.0013654266
01_026,0.94196296,3.7210913e-05,0.0003223455,0.000115689174,0.053682387,0.0014328359,0.0024465534
03_096,0.026409106,0.0004252785,0.20158833,0.00026590063,0.7643703,0.0023072355,0.0046337843
03_060,0.0055149104,1.8450968e-06,5.7298705e-05,6.267905e-07,0.99370307,0.00055902486,0.00016322648
03_021,0.0016746813,0.00010917971,0.013206438,8.351762e-05,0.9776844,0.006082245,0.001159535
03_057,6.3782704e-06,4.0834674e-08,4.3472206e-05,5.190645e-09,0.9998708,7.819253e-05,1.0234238e-06
04_004,0.0004422252,3.198e-06,0.0047622267,4.3528526e-06,0.011061363,0.0013857012,0.98234093
03_066,0.00018636153,1.3274769e-06,0.00022359907,2.2250599e-07,0.99934965,0.00021106997,2.772411e-05
03_041,0.10751668,0.0007277879,0.06519645,0.0008727144,0.68050385,0.010312163,0.13487029
07_037,1.0415636e-12,3.0079836e-12,5.038199e-10,0.99999964,9.632251e-12,3.6824747e-07,4.082097e-10
02_065,1.1737809e-12,0.9999999,7.118609e-09,2.1121752e-12,1.0287272e-07,1.6680112e-09,2.0326244e-11
05_030,4.8966367e-06,5.33435e-07,1.0404146e-06,2.3209035e-05,0.0021819847,0.9839305,0.013857777
01_002,0.9995449,3.0598294e-08,1.3226015e-06,1.2575929e-07,0.00044890022,2.153972e-06,2.5763838e-06
07_030,4.4163616e-17,2.2884092e-17,2.134594e-14,1.0,4.0170425e-13,1.137036e-09,6.720082e-14
02_067,2.6783352e-22,1.0,1.1247249e-15,2.0629571e-22,1.9111154e-13,7.727662e-17,3.599426e-20
07_087,5.232643e-09,6.983231e-09,3.6166426e-07,0.99977356,6.955015e-08,0.00022534282,6.4913894e-07
06_071,1.3258306e-06,2.0574276e-09,0.99998534,6.706847e-10,1.28206275e-05,5.4344684e-10,4.866715e-07
06_017,6.769623e-08,2.1456124e-10,0.99999475,6.9417645e-11,4.9637465e-06,3.8282377e-10,1.3832279e-07
07_074,0.017673846,0.01328566,0.05540366,0.75530237,0.05888494,0.06618948,0.03326011
06_090,1.0165894e-05,2.1155328e-08,0.99990964,9.1378025e-09,7.590128e-05,9.410908e-09,4.2955257e-06
06_004,2.9351264e-07,2.8358829e-09,0.99977833,1.163975e-09,0.00022141146,2.2706795e-08,1.6309858e-08
01_016,0.54099154,0.0017742243,0.057433963,0.0028106861,0.3831971,0.004233142,0.009559478
07_011,0.02982345,0.012968675,0.033690877,0.09117415,0.2588012,0.14318885,0.4303528
07_065,0.0034073559,0.0022728154,0.96900934,0.0075979494,0.01269585,0.0030631158,0.0019535185
04_021,5.997879e-06,8.739809e-09,8.1500497e-07,3.4985682e-08,0.0012464162,0.0015462384,0.9972005
07_104,4.4786486e-07,6.080845e-07,6.1772503e-06,0.999511,3.930058e-06,0.00046175282,1.607252e-05
02_013,9.200846e-15,1.0,2.596076e-10,1.3711156e-14,4.8793205e-09,6.252415e-11,2.0175239e-13
07_020,1.2676252e-13,2.2357947e-13,5.646054e-11,0.99999976,2.7986094e-12,2.2245928e-07,8.0081476e-11
03_011,1.6831547e-05,1.9201946e-07,6.479805e-05,1.8564357e-08,0.999785,0.00012771759,5.323556e-06
05_023,0.0002803069,4.3055566e-06,5.201203e-05,9.274512e-06,0.93423927,0.06317703,0.002237797
01_115,0.010300023,1.8437218e-05,0.18066409,7.555868e-06,0.80781376,0.00013985431,0.0010562779
01_118,0.24842457,0.0008169323,0.0124611985,0.0013259273,0.7191635,0.009424259,0.008383691
07_019,1.2440414e-10,2.549979e-10,2.1816266e-08,0.99999404,1.5188745e-09,5.914919e-06,1.8277994e-08
01_113,0.4456333,6.927908e-05,0.0044839038,0.00017952806,0.54219735,0.0020452489,0.005391402
03_085,1.2108525e-05,8.687516e-08,0.052976105,3.5604362e-08,0.94689393,0.000116042305,1.7268547e-06
02_097,3.822921e-15,1.0,1.1966066e-10,5.3904016e-15,2.794971e-09,2.463551e-11,9.169124e-14
05_034,0.009797764,3.4657347e-05,0.000556396,7.077486e-05,0.947553,0.038682166,0.0033052524
06_021,5.929705e-14,7.913752e-18,1.0,1.3839293e-18,4.6952747e-11,2.684007e-18,3.1790228e-12
02_049,2.347688e-24,1.0,4.5507848e-17,1.9078778e-24,1.4921407e-14,1.9646203e-18,4.8578746e-22
04_027,0.00016206488,3.5431438e-07,8.452656e-06,2.2991092e-06,0.004270326,0.02701951,0.968537
01_112,0.83862877,0.00026928334,0.020209324,0.00073573925,0.13615254,0.0013769836,0.0026273462
05_035,3.6597888e-07,1.5433256e-08,1.4124754e-07,2.0831649e-06,0.0061916607,0.99344397,0.00036179033
06_018,1.0731833e-11,6.0195553e-15,1.0,9.942147e-16,3.2603806e-09,2.177786e-15,2.706767e-10
06_121,9.506829e-09,2.0198673e-12,0.99998736,7.5158445e-13,1.2602955e-05,3.267202e-11,5.8037696e-11
06_063,2.9224848e-10,1.8873844e-13,1.0,5.743245e-14,4.8672764e-08,1.3135492e-13,1.6152027e-10
07_106,2.7731653e-10,5.310742e-10,1.1123701e-07,0.9996507,1.5025025e-09,0.0003490538,1.0254535e-07
01_108,0.020226398,1.8400438e-05,0.96275616,7.451435e-06,0.013689716,1.9363713e-05,0.0032825738
01_081,0.8679005,8.465368e-05,0.00745596,0.0001568223,0.10565748,0.0022523832,0.01649227
03_062,0.72981364,1.0974344e-05,0.00049036444,9.5386595e-06,0.2691736,0.00021400148,0.00028789416
07_024,0.00053176685,0.00055894564,0.004382552,0.9345915,0.0021105416,0.054009993,0.0038147643
01_060,0.24060158,0.0019993635,0.013087736,0.0048565106,0.5673663,0.04239099,0.12969747
07_115,1.1347218e-17,3.3460412e-17,2.945102e-14,1.0,2.4008069e-15,1.4514645e-09,5.4109342e-14
07_031,9.838023e-15,2.1642837e-14,6.3265725e-12,1.0,2.4043975e-13,3.707387e-08,1.0105824e-11
07_008,1.7561597e-07,3.2013946e-07,4.326477e-06,0.99979657,9.553927e-07,0.00019308963,4.616082e-06
03_050,0.00010688818,3.326632e-06,0.0006855391,7.410617e-07,0.9983505,0.00078424707,6.871109e-05
01_018,0.460037,0.0001516168,0.36839777,0.00015277651,0.13550368,0.00096680183,0.034790233
03_018,0.000964604,5.272421e-07,0.00011915456,9.0731426e-08,0.99878424,8.868616e-05,4.2715776e-05
07_066,0.0025686976,0.0020295552,0.011404735,0.92705035,0.00898175,0.03889783,0.009067129
07_028,1.4478868e-10,3.7079792e-10,3.3123154e-08,0.99999297,7.339762e-10,6.980033e-06,1.671233e-08
06_012,1.0768233e-10,7.924658e-14,1.0,1.607295e-14,2.9130211e-08,3.798016e-14,1.2295737e-10
01_050,0.8211888,0.0002004326,0.005427884,0.0007367118,0.15164377,0.0047263405,0.01607601
02_001,1.0199987e-24,1.0,2.515935e-17,6.4721146e-25,8.768932e-15,1.3843675e-18,2.3898792e-22
02_088,7.889983e-22,1.0,2.5947823e-15,6.1710814e-22,4.2035258e-13,2.0008431e-16,9.3532045e-20
07_040,1.418536e-11,2.898586e-11,2.9762488e-09,0.9999987,3.907729e-10,1.3228689e-06,1.8346527e-09
07_034,5.2502482e-08,7.70396e-08,3.062513e-06,0.99973303,4.2698895e-07,0.00026088385,2.395085e-06
01_009,0.99973303,9.007989e-09,4.6312937e-07,3.569122e-08,0.0002646997,8.6490047e-07,9.0260727e-07
07_035,0.017427264,0.014101663,0.025445106,0.4519357,0.24994753,0.087461576,0.15368117
02_043,3.4396567e-28,1.0,6.232075e-20,2.1114052e-28,4.38206e-17,4.1239748e-21,1.6428555e-25
02_041,1.09885645e-20,1.0,1.4611884e-14,9.16355e-21,1.9677203e-12,1.4039298e-15,1.2280172e-18
03_037,0.00028883392,1.8775522e-06,0.00023779595,5.214709e-07,0.99893767,0.0004960893,3.7160702e-05
07_069,0.071495816,0.016045308,0.05881557,0.056347188,0.34089032,0.15726098,0.29914483
02_009,8.980633e-26,1.0,4.2432686e-18,7.158729e-26,2.36145e-15,1.8813944e-19,1.4066635e-23
03_070,0.00063001865,1.7843294e-06,0.012685933,6.5926133e-07,0.9863623,0.00027699483,4.2207295e-05
06_041,4.6848597e-12,2.602852e-15,1.0,5.8758046e-16,1.4207325e-09,8.7605023e-16,7.1156574e-11
06_061,1.4244972e-07,8.0843027e-10,0.99999213,4.2941387e-10,7.2611533e-06,7.127041e-10,4.754722e-07
06_112,9.493293e-07,3.3703105e-09,0.9999387,1.4752075e-09,6.0262708e-05,5.93712e-09,5.989498e-09
05_018,2.6684251e-08,1.3069114e-09,1.13047305e-08,5.46938e-07,0.0006555493,0.99907875,0.00026509064
01_117,0.9336763,6.441257e-05,0.0008661209,0.00017748738,0.06149442,0.0013894584,0.0023316788
06_092,1.1112327e-05,2.5902395e-08,0.99816763,1.6796571e-08,0.0018202876,3.394015e-07,4.9272694e-07
06_044,2.6104857e-10,2.5859214e-13,1.0,5.886961e-14,4.875081e-08,1.4581683e-13,5.6189964e-10
06_060,2.283448e-09,1.3855735e-12,0.9999999,2.929478e-13,1.2492148e-07,5.943431e-13,5.5883104e-10
06_101,8.063639e-06,2.8569424e-08,0.99787843,1.8978417e-08,0.0021127965,6.2289314e-07,8.803763e-08
07_079,1.0311587e-08,8.05866e-09,1.3695261e-07,0.999956,5.4658045e-07,4.250623e-05,6.830255e-07
07_032,4.356817e-05,5.842527e-05,0.0011378429,0.9833907,0.00012479424,0.014751078,0.0004935508
06_080,2.6744858e-11,3.5227555e-14,1.0,6.301657e-15,9.168816e-09,1.2923356e-14,1.4133048e-10
07_093,0.0017092022,0.0013852706,0.012158465,0.94754905,0.0043477234,0.029313004,0.0035372134
07_013,0.0022559487,0.0027371326,0.006020753,0.9305971,0.027558591,0.02027126,0.010559185
05_014,0.18700117,2.5913914e-05,0.00021178578,0.00013731365,0.3512113,0.08856801,0.37284452
04_014,0.007555372,3.2618464e-05,0.0019401292,0.000104493825,0.092155434,0.01822018,0.87999177
01_068,0.9451272,4.784658e-05,0.002696577,0.0001417123,0.050515756,0.00046395668,0.0010068342
02_078,9.306467e-29,1.0,3.5834243e-20,5.485283e-29,3.670284e-17,1.0183285e-21,5.7537364e-26
01_120,0.04706025,7.267244e-05,0.0009673847,0.00014238183,0.9318299,0.016764607,0.0031627482
03_055,1.1400241e-05,4.6728678e-07,0.00038074426,4.0698847e-08,0.9994326,0.00016654882,8.050253e-06
01_020,0.12103149,3.134364e-05,0.85734075,2.9193508e-05,0.02133753,2.1925587e-05,0.00020770244
02_005,1.2856396e-20,1.0,1.9977182e-14,1.7174972e-20,3.3030451e-12,1.882906e-15,8.739627e-19
02_058,1.5942233e-19,1.0,1.04583754e-13,1.7756848e-19,7.911165e-12,8.092136e-15,6.6304234e-18
06_082,1.0353116e-11,3.8998684e-15,1.0,9.446416e-16,2.7499127e-09,1.2412676e-15,4.020956e-11
04_011,3.7205573e-05,4.8297665e-08,1.2839478e-06,3.4760032e-07,0.0013130303,0.010117682,0.98853046
04_022,0.00026114864,7.048758e-05,0.0007836242,0.0002983606,0.01563444,0.25801927,0.7249327
02_077,2.3020832e-19,1.0,1.475354e-13,2.6819176e-19,1.4319041e-11,1.2628851e-14,2.0056106e-17
03_046,0.0030515678,9.701788e-06,0.00030890392,2.6716662e-06,0.99545103,0.0008981198,0.00027803407
07_112,5.4570525e-11,1.1182227e-10,1.15064775e-08,0.99999404,6.4872896e-10,5.9492304e-06,1.3699222e-08
03_044,0.2772625,0.0003104861,0.0023702867,0.0015747355,0.464555,0.059585582,0.19434139
07_054,2.7301925e-05,3.3289827e-05,0.0005111206,0.9897911,0.000102362064,0.009167228,0.00036768868
06_106,1.9490484e-08,1.0882908e-11,0.9999964,3.8349046e-12,3.5919702e-06,2.8428086e-11,4.2077827e-11
03_105,0.43953958,9.170161e-06,6.699695e-05,2.1153443e-05,0.5488398,0.003670332,0.0078529995
02_074,1.2383158e-16,1.0,1.0262227e-11,1.5579848e-16,4.26234e-10,1.3241603e-12,3.559143e-15
04_006,0.016814759,0.0011749842,0.002441613,0.007349291,0.1368587,0.49773625,0.33762437
07_073,5.1369334e-21,1.1045174e-20,3.3664252e-16,1.0,1.6348465e-18,3.2896694e-10,2.2202298e-16
06_076,2.1871316e-09,3.9210636e-14,0.9999989,1.2836378e-14,1.1099305e-06,3.0251311e-13,3.0031316e-12
01_102,0.79908305,0.00019702906,0.0037981553,0.0006065503,0.1784078,0.0044815475,0.013425974
06_035,2.0166894e-07,7.156688e-11,0.9999933,3.2616364e-11,6.4180326e-06,9.3351306e-11,1.5135119e-09
07_039,8.1404404e-13,2.317899e-12,5.792927e-10,0.9999995,1.4687201e-11,4.853524e-07,4.039143e-10
07_103,6.9260674e-11,2.2213734e-10,3.744322e-08,0.99998546,5.9528277e-10,1.4590003e-05,1.1929876e-08
06_038,6.935976e-08,3.1552844e-11,0.9998228,1.5708285e-11,0.00017711661,1.1081892e-09,9.724492e-10
05_025,2.7014856e-08,4.2963805e-10,2.3100764e-09,9.107304e-08,0.00018199018,0.99574715,0.0040707304
06_034,3.2167938e-10,4.522671e-13,0.9999999,8.9414777e-14,8.631877e-08,8.068071e-13,1.5662904e-10
01_121,0.9943468,1.4901692e-06,9.4030336e-05,5.500138e-06,0.0054558944,3.476416e-05,6.151887e-05
03_027,0.0009124426,8.23095e-06,0.00015078495,2.136177e-06,0.99810684,0.0006454856,0.00017406578
07_101,7.59414e-09,1.5341374e-08,1.0925035e-06,0.99980503,3.5202127e-08,0.00019326278,5.918408e-07
02_089,1.3687375e-22,1.0,3.4926586e-16,1.1468166e-22,1.6421322e-13,3.6630248e-17,7.382441e-21
06_023,6.602419e-11,2.5632807e-15,1.0,8.2222616e-16,2.73068e-08,6.215827e-15,4.856708e-14
04_015,5.2030602e-05,3.999217e-07,0.00025725583,6.3889087e-07,0.0042251274,0.0009792717,0.9944853
03_064,0.018386388,5.024892e-05,0.0022028803,2.2821834e-05,0.97691226,0.0014987007,0.0009266669
04_037,1.15072034e-07,5.3332905e-10,2.106545e-07,4.6947797e-09,4.9165934e-05,0.00046876917,0.99948174
06_095,9.238241e-09,2.973696e-11,0.99999416,1.4433217e-11,5.8852106e-06,1.7270058e-10,5.964711e-10
02_037,3.9642825e-07,0.9985415,4.7382993e-05,1.3691306e-06,0.001369273,3.8369864e-05,1.7472911e-06
01_022,0.064322226,0.012217133,0.34748363,0.04333031,0.4123849,0.035231493,0.085030414
03_068,0.57963216,2.1549904e-05,0.00015712279,8.550459e-05,0.3875042,0.010246992,0.022352502
07_098,5.314025e-13,2.0830761e-12,1.152813e-09,0.9999938,2.5668064e-12,6.235113e-06,6.9228e-10
07_026,1.4201665e-05,2.6701156e-05,0.0016882911,0.9777959,3.6815105e-05,0.020308727,0.00012932484
07_071,6.8219954e-09,9.332676e-09,3.8688566e-07,0.99993336,4.39971e-08,6.5864035e-05,3.576453e-07
01_030,0.04050735,1.524238e-06,0.95309645,1.1655317e-06,0.006328036,1.4421468e-06,6.401893e-05
05_013,9.427655e-05,3.272909e-07,4.3830564e-06,2.2579022e-06,0.0038298927,0.032393,0.9636759
04_033,1.7964236e-05,3.62874e-07,0.00039575482,6.1496564e-07,0.002036872,0.0008539879,0.99669445
01_024,0.0033294838,9.214249e-05,0.96398336,4.499025e-05,0.027212748,0.00010616859,0.0052311295
07_102,7.2318778e-09,2.5199306e-08,1.3296001e-05,0.9998466,1.6594779e-08,0.00013987832,1.496203e-07
03_091,0.0012373818,2.4375577e-05,0.0005205661,1.9882951e-05,0.98616,0.01055204,0.0014857972
03_001,0.4934609,0.00020911731,0.0014435225,0.00035707804,0.4838986,0.009905239,0.0107255485
03_022,0.00061524106,7.3871106e-06,0.01749319,1.908873e-06,0.98131233,0.00041675352,0.00015314561
02_094,2.6576113e-24,1.0,3.6921908e-17,2.3586933e-24,6.0985326e-15,2.4169208e-18,3.6926041e-22
07_118,8.937242e-08,1.0667973e-07,1.6929016e-06,0.9999578,7.0191146e-07,3.685915e-05,2.7186306e-06
05_039,2.0829354e-09,5.5924387e-11,8.990551e-10,4.7118107e-08,9.712339e-06,0.9984761,0.0015141682
07_085,3.311663e-19,3.9794643e-19,2.292588e-15,1.0,2.2251742e-15,1.6473117e-09,5.26919e-15
03_042,2.5479271e-06,1.5294116e-08,2.6996506e-06,2.248399e-09,0.9997429,0.000250711,1.031479e-06
02_064,4.8266746e-30,1.0,5.3004017e-21,1.6552119e-30,7.525301e-18,1.3904193e-22,6.681504e-27
06_033,7.9018724e-07,1.0495699e-10,0.9990715,4.187094e-11,0.00092768733,5.599933e-09,2.4529663e-09
04_026,0.0001317032,2.993067e-08,2.834213e-07,5.188701e-07,0.0030297122,0.044937264,0.9519005
07_072,1.5628086e-11,2.6914828e-11,5.432752e-09,0.9999951,1.9053292e-10,4.859387e-06,5.1852735e-09
06_102,9.137585e-08,4.2603557e-10,0.9999788,2.6917793e-10,2.1111515e-05,1.1484546e-09,2.7394054e-09
07_052,1.16341994e-07,2.2007892e-07,1.74422e-05,0.9966518,4.8338035e-07,0.003321306,8.5044685e-06
01_070,0.7872539,7.759183e-05,0.0005611966,0.00014376067,0.20474373,0.0030062203,0.0042135087
07_050,0.0037880808,0.0038840787,0.016266538,0.87781185,0.01505254,0.05432759,0.028869286
05_053,9.304491e-10,5.0945297e-11,1.3896552e-10,1.3623025e-08,9.847486e-06,0.99880207,0.0011880714
03_074,0.6352358,0.00094282464,0.005051797,0.0014293091,0.33939752,0.00926315,0.008679539
05_048,1.2992758e-06,1.0170505e-07,4.5984035e-07,4.4756393e-06,0.029728543,0.967722,0.002543159
03_010,6.964932e-05,1.6034941e-06,0.00014428055,8.704479e-07,0.9959181,0.0038026227,6.294494e-05
02_084,1.3032575e-13,1.0,1.4450697e-09,2.990769e-13,3.0547305e-08,4.704744e-10,3.0552485e-12
06_103,1.3163579e-10,1.5518983e-13,1.0,3.8710568e-14,3.1182847e-08,7.7383676e-14,4.8680426e-10
07_091,2.1173263e-09,3.4902017e-09,1.4691308e-07,0.999966,1.2132402e-08,3.376178e-05,1.3716573e-07
07_014,1.5125838e-11,2.2997073e-11,9.237488e-10,0.9999989,4.4663354e-10,1.119451e-06,2.6237772e-09
04_030,4.047292e-09,4.845667e-12,2.214816e-07,1.712272e-11,5.319788e-06,5.7005113e-06,0.9999888
01_038,0.32417467,0.00020349609,0.001610251,0.00064878364,0.5068903,0.039999858,0.12647256
02_011,7.3219936e-23,1.0,3.9983542e-16,6.8657146e-23,8.085614e-14,3.4154218e-17,1.2065125e-20
07_067,1.3733325e-14,3.665875e-14,1.2331078e-11,1.0,3.8446576e-13,4.8353716e-08,1.3904377e-11
03_079,7.3929727e-06,7.7038635e-08,0.00019490071,6.971296e-09,0.99973196,6.3224266e-05,2.395135e-06
07_089,1.5678846e-06,1.4309883e-06,2.4559897e-05,0.99709976,5.29311e-06,0.002813659,5.3703636e-05
01_053,0.7227885,7.9184225e-05,0.00047432893,0.00048183714,0.21374361,0.024960756,0.037471846
02_070,2.1172412e-16,1.0,2.0010391e-11,3.5619527e-16,7.455982e-10,1.379022e-12,3.7051042e-15
01_085,0.9655345,1.9937083e-06,0.022811357,7.990417e-06,0.01143382,1.2035371e-05,0.00019835774
06_068,1.4028548e-09,6.82626e-13,0.99999964,2.130348e-13,3.8145154e-07,3.925036e-12,6.2668754e-10
02_004,1.5862434e-15,1.0,6.083941e-11,2.8843716e-15,3.1746044e-09,8.405135e-12,2.4932762e-14
03_077,7.6982826e-07,1.2262173e-08,2.7317901e-05,2.210078e-09,0.999663,0.0003085422,3.8395854e-07
02_022,4.4888135e-27,1.0,5.269803e-19,2.7743853e-27,3.9573988e-16,2.3246824e-20,3.0655502e-24
05_049,6.22067e-07,8.020928e-08,3.6237265e-07,3.3759015e-06,0.000725414,0.9922201,0.0070500155
03_059,0.01966654,3.8996735e-05,0.00058506354,1.347104e-05,0.9774326,0.0014607483,0.0008025547
07_095,0.00087399024,0.0007949352,0.01413733,0.9197815,0.0020632958,0.058372006,0.003976938
01_069,0.8350582,0.00015042174,0.08599561,0.00012850104,0.077928044,0.00016948895,0.0005697342
07_109,5.71485e-10,2.0437267e-09,3.5165237e-07,0.99993956,2.264116e-09,5.9928687e-05,6.223149e-08
05_052,4.626896e-08,4.852366e-09,8.527708e-09,1.2903863e-07,0.0005917439,0.99853945,0.00086860615
03_019,0.0025777349,5.1822404e-05,0.17955326,3.505383e-05,0.81606746,0.0014676779,0.0002470317
03_084,0.088085905,0.0005677254,0.0031870026,0.00075982045,0.8551944,0.01932448,0.032880727
07_062,1.2513661e-13,3.0410068e-13,7.497559e-11,0.9999994,4.326937e-12,5.637858e-07,1.17932e-10
03_015,0.010792193,2.4966517e-05,0.00027236578,1.6348633e-05,0.9833552,0.0040289327,0.0015100244
02_018,5.791056e-20,1.0,5.648923e-14,8.920227e-20,3.3695221e-12,3.7291388e-15,3.099117e-18
03_028,0.019786965,0.00016854562,0.054982692,0.00018804647,0.9202788,0.0033243974,0.0012704673
03_094,0.6321754,2.8122737e-05,0.00014257124,0.00013334333,0.341307,0.009249578,0.016963942
04_023,0.00040524502,5.303631e-08,1.6198271e-06,2.0798306e-07,0.0075200982,0.0074225697,0.9846502
05_046,1.3204687e-05,2.0125124e-07,3.171778e-07,5.984729e-06,0.006788494,0.99045277,0.0027390684
03_078,0.17863968,3.43065e-05,0.00035950454,2.0886617e-05,0.81638366,0.0020940988,0.0024678186
07_006,0.029139308,0.008801659,0.033889048,0.32304528,0.11840442,0.3183956,0.16832466
01_098,0.9816403,2.01902e-06,3.631754e-05,9.94757e-06,0.017693806,0.00025188626,0.00036590462
02_073,4.8143467e-18,1.0,1.4150511e-12,6.9733195e-18,3.46299e-11,8.213555e-14,1.1885847e-16
07_081,1.2104415e-09,3.1977012e-09,2.13735e-07,0.9999058,8.643135e-09,9.3766335e-05,1.534167e-07
02_102,9.024366e-30,1.0,5.9711208e-21,4.403799e-30,9.39172e-18,2.2188514e-22,1.07101365e-26
07_077,1.0577586e-08,4.360018e-09,1.309705e-06,0.9974969,1.4745709e-07,0.0025000048,1.7177847e-06
06_083,2.9464458e-09,1.3047233e-11,0.99999964,1.2803512e-12,2.5928577e-07,2.1673256e-12,1.0733918e-07
03_030,0.0021756922,1.9292593e-05,0.0008225315,7.1686245e-06,0.99515367,0.001397355,0.00042433228
03_002,6.0136408e-05,2.4909153e-07,5.2312134e-05,4.537959e-08,0.9997538,0.00012186737,1.1601454e-05
06_014,5.9788605e-13,8.920003e-17,1.0,2.608555e-17,1.6125561e-09,1.4393402e-16,5.238479e-14
01_075,0.025270851,0.00017044276,0.6757314,0.00016584172,0.28594005,0.00064496114,0.01207645
03_004,0.006574251,0.00015072006,0.0043997993,0.00015245468,0.9723789,0.013353198,0.0029907008
05_016,0.10445398,0.00019400968,0.00036294587,0.0009152224,0.34697816,0.30636364,0.24073207
03_043,0.438413,0.0030561693,0.015139523,0.0089776,0.4417527,0.03913404,0.053526964
01_058,0.116003886,0.0007569512,0.39189997,0.0012684541,0.44465506,0.0032272784,0.042188358
03_035,0.009804546,0.0016788522,0.012377092,0.0011682237,0.9495875,0.016388578,0.008995227
07_025,2.4419497e-10,6.8685796e-10,1.3146416e-07,0.9999528,4.6676885e-10,4.7046993e-05,5.3482502e-08
06_053,1.2296635e-09,1.8138762e-12,0.9999999,4.5329308e-13,1.2610266e-07,5.518489e-13,1.1704049e-09
03_090,0.109516665,4.2488236e-06,3.1645617e-05,1.4976318e-06,0.88882774,0.00082307885,0.0007951277
02_082,4.027434e-26,1.0,2.3268938e-18,5.751827e-26,7.370472e-16,1.2729714e-19,7.096229e-24
01_006,0.97444814,1.838266e-07,1.8177448e-06,2.4434225e-06,0.023322497,0.0008273366,0.0013975353
02_048,4.7738873e-28,1.0,8.6799506e-20,2.7834685e-28,9.7851655e-17,2.6645384e-21,7.632093e-26
06_013,1.0707827e-06,8.016798e-08,0.9999696,2.7050048e-08,1.8812e-05,1.6193997e-08,1.0407973e-05
05_017,0.0015935423,2.4058074e-06,1.1056872e-05,1.4470074e-05,0.50089985,0.43876258,0.0587161
06_040,4.2053343e-11,1.2093269e-14,1.0,5.6275836e-15,2.0076254e-08,2.5283261e-14,2.0410889e-12
06_049,9.410977e-11,2.8390866e-14,1.0,6.129155e-15,2.4124471e-08,2.0549226e-14,1.7802203e-10
03_093,0.0007610985,6.9579187e-07,1.1795259e-05,1.3997507e-07,0.9985607,0.000576374,8.9191875e-05
03_005,0.0041933795,9.551782e-06,0.00017695394,3.6907597e-06,0.99343526,0.0016355914,0.00054562156
02_044,5.6279745e-21,1.0,1.0427515e-14,5.294743e-21,1.8413834e-12,6.991865e-16,6.2936926e-19
02_023,6.943154e-10,0.99999034,3.6880778e-07,2.2311009e-09,8.62443e-06,7.2424234e-07,1.9415602e-08
05_042,1.2218124e-05,4.562952e-07,1.1900125e-06,2.6266356e-05,0.0029863138,0.98308015,0.013893332
02_081,1.1678001e-28,1.0,3.525178e-20,5.637212e-29,3.004124e-17,1.2517916e-21,7.0963024e-26
02_006,1.9352994e-32,1.0,5.970659e-23,1.0464878e-32,1.3636218e-19,2.0203237e-24,2.372313e-29
01_001,0.9997112,5.0934377e-09,2.590523e-07,2.0816303e-08,0.00028654566,8.193596e-07,1.194517e-06
01_027,1.3271991e-08,2.339888e-11,0.9999995,9.648486e-12,4.1048696e-07,8.890534e-12,1.4704653e-07
05_055,3.7813557e-08,6.2204064e-09,3.1892247e-07,1.2740584e-06,0.0021271459,0.99769187,0.00017931532
01_110,0.34241796,0.0016552451,0.25421485,0.004071462,0.37334803,0.005382206,0.01891026
01_015,0.9969023,1.4869961e-07,3.952447e-06,6.0061205e-07,0.0030390508,2.0492074e-05,3.354448e-05
06_031,4.8692748e-11,1.2264193e-13,1.0,5.7761474e-14,5.878698e-08,3.4395777e-13,3.4481782e-12
02_002,3.812132e-06,0.9978695,0.00044735137,1.2958128e-05,0.0014172612,0.00022445296,2.4644038e-05
02_080,9.9446626e-21,1.0,1.5586135e-14,8.575844e-21,1.6262151e-12,1.2727943e-15,1.0766669e-18
06_025,4.5766576e-12,2.1305375e-15,1.0,6.0453716e-16,1.8056328e-09,1.1279688e-15,2.6354436e-11
01_073,0.0011675834,6.2313616e-06,0.99419606,5.6679323e-06,0.0045043207,5.568826e-06,0.00011447928
03_036,0.0214551,0.00018136982,0.028849028,0.00023621177,0.94464403,0.0021641103,0.0024701026
06_105,8.448116e-06,4.255659e-08,0.99320257,1.3701159e-08,0.006787349,5.648405e-07,9.669509e-07
07_090,0.010847227,0.008586118,0.062248856,0.68151313,0.04157212,0.15074791,0.04448463
07_010,2.7352119e-08,4.0834372e-08,1.2579761e-06,0.9998863,3.028974e-07,0.000110699795,1.3185388e-06
05_020,9.85137e-06,1.4900068e-07,5.2619686e-07,2.512999e-06,0.001897056,0.7067794,0.29131058
03_100,0.0028515218,0.00045686695,0.27513015,0.0004719151,0.6951985,0.024069155,0.001822007
03_063,0.32464525,8.660591e-06,0.017781112,1.3914942e-05,0.65727943,0.00016471576,0.00010690992
07_012,1.5759066e-05,1.25011165e-05,5.087181e-05,0.99685043,0.0004341889,0.0021570977,0.00047911852
01_057,0.85177696,8.55357e-05,0.01607661,0.00010902749,0.12672801,0.00079885696,0.004425111
07_023,9.388533e-14,1.429324e-13,1.1512215e-11,1.0,1.3772457e-11,5.0663726e-08,4.1122453e-11
06_074,6.04471e-10,5.0463377e-13,0.9999999,1.7591045e-13,8.2934555e-08,4.1985813e-13,2.4554425e-09
07_078,1.7906964e-11,2.8422363e-11,1.3412811e-09,0.99999917,1.8388953e-10,8.794663e-07,3.1445722e-09
02_033,5.974184e-14,1.0,1.0432656e-09,1.2388751e-13,1.3680869e-08,1.884197e-10,1.0264414e-12
05_021,0.0058900625,9.799003e-07,5.543096e-06,6.5139584e-06,0.057516363,0.23534772,0.70123285
07_027,1.3687992e-16,2.7560464e-16,1.7709146e-13,1.0,3.5762656e-14,4.559492e-09,2.9111972e-13
01_106,0.9300441,2.2669923e-05,0.0051629706,6.678189e-05,0.06411423,0.00023089783,0.0003584598
05_037,0.0007413834,0.00022526008,0.0043493435,0.0025190632,0.08767259,0.8595447,0.044947598
07_016,7.7372555e-15,1.1211783e-14,4.7311317e-12,0.9999999,5.249543e-13,1.3539928e-07,8.635893e-12
03_088,0.81188715,2.3966252e-06,1.2222362e-05,1.2574722e-05,0.17836869,0.0030091451,0.0067078522
05_019,1.29546615e-05,6.623119e-07,1.9379564e-05,3.0126583e-05,0.09411214,0.9048614,0.0009634178
03_075,0.00049303373,3.857973e-06,0.00010860566,1.1223274e-06,0.99825305,0.0010500584,9.0202186e-05
03_026,0.033027425,0.018163236,0.24729872,0.35165268,0.22416967,0.05146698,0.07422122
03_013,1.669148e-05,2.3057139e-07,1.9181402e-05,1.238644e-07,0.9941843,0.00575864,2.0684534e-05
04_003,0.00016193207,1.6589182e-05,0.00022003699,6.113127e-05,0.011339839,0.049613163,0.9385873
06_052,3.9607334e-10,8.6142024e-14,1.0,1.9154496e-14,2.5940395e-08,1.4253159e-14,4.2108563e-11
01_104,0.9096985,0.00022417125,0.004573095,0.0006399026,0.07845614,0.002144573,0.0042636585
01_063,0.9611293,1.7278766e-05,0.00022890046,7.4757794e-05,0.036189627,0.00091577566,0.0014442997
01_041,0.5126722,0.0018241976,0.029938558,0.004085446,0.40118605,0.015810547,0.03448311
04_002,0.15219986,0.008186348,0.08303421,0.024799315,0.44550362,0.087155364,0.19912124
03_071,0.12855561,0.0009976109,0.009284604,0.0012146534,0.8408577,0.0092541985,0.009835667
02_098,5.0842355e-22,1.0,1.7173312e-15,4.471086e-22,3.405515e-13,1.6099382e-16,8.093104e-20
07_092,8.1453254e-07,7.528734e-07,1.102185e-05,0.99717194,5.219781e-06,0.0027683333,4.1984924e-05
03_107,2.4208416e-06,2.2809317e-08,3.1402021e-06,1.3994069e-09,0.9999058,8.7898945e-05,7.5150393e-07
06_075,3.8064213e-06,4.6497085e-08,0.9996841,3.4370707e-08,0.00031169137,1.6970405e-07,3.859848e-07
07_045,3.291969e-09,4.9932884e-09,2.1082066e-07,0.99987245,3.428106e-08,0.00012692683,3.3456473e-07
06_096,1.2457652e-10,1.9546604e-13,0.99999976,9.5530734e-14,2.2066557e-07,1.1929885e-12,4.095046e-12
03_016,0.76906013,0.00011812407,0.0006869606,0.00021297808,0.22030243,0.0042281146,0.005391288
06_001,3.5184928e-09,6.7729876e-12,0.99999976,1.669011e-12,2.9148507e-07,2.4250918e-12,2.3789987e-08
07_094,9.82258e-07,1.6523087e-06,3.9357015e-05,0.9990175,1.6582521e-06,0.0009210768,1.770331e-05
05_028,4.1715122e-08,3.827445e-09,1.05639494e-07,8.402423e-07,0.0007323547,0.9981219,0.001144807
03_023,0.024872838,0.00020833439,0.7993722,0.00020731348,0.17392878,0.00082529295,0.0005850588
06_047,3.8154592e-08,8.311392e-12,0.9999995,3.1161007e-12,4.3855377e-07,1.85643e-12,6.8909496e-09
01_055,0.9001406,3.5956156e-05,0.00034287476,0.00016571044,0.089998394,0.003404431,0.005912091
02_012,8.08748e-14,1.0,1.3431971e-09,1.1581953e-13,2.7071465e-08,2.0147506e-10,1.5953666e-12
01_007,0.989764,9.583711e-07,3.2963493e-05,5.7160273e-06,0.009923583,0.00011278778,0.0001601085
03_102,0.042308025,0.0014211064,0.036840726,0.002055586,0.8047378,0.01744304,0.0951936
06_107,2.6798216e-07,5.655968e-10,0.99985385,1.5247385e-10,0.00014584098,2.4827826e-09,8.311971e-09
01_099,0.32236898,9.489857e-05,0.6486777,0.00013041687,0.027284669,7.0783324e-05,0.0013726109
02_010,4.8756584e-15,1.0,1.9471806e-10,5.950742e-15,5.810816e-09,2.3606487e-11,1.1443658e-13
04_024,1.0988065e-05,7.463892e-07,7.2214396e-05,4.7589874e-06,0.0032051438,0.0029841042,0.993722
03_024,5.6672493e-06,5.1749865e-08,2.9461606e-05,4.2965262e-09,0.99990654,5.7150464e-05,1.2188715e-06
01_051,0.9668892,4.373497e-06,0.00025125206,1.7800923e-05,0.031385463,0.00044957767,0.0010024552
04_007,7.907862e-06,6.19e-09,2.1125209e-07,5.1184376e-08,0.00052998017,0.0070292107,0.9924326
07_042,8.077147e-15,1.999666e-14,1.712866e-11,0.9999999,4.3546148e-13,1.3320302e-07,1.0499377e-11
06_010,1.12878794e-07,5.378871e-10,0.99999607,1.947849e-10,3.613229e-06,1.3795126e-10,2.6755728e-07
06_016,3.599136e-09,1.3049622e-11,0.99999964,4.964447e-12,3.6999984e-07,1.15829325e-11,1.5919499e-08
01_071,0.98045796,1.0801351e-06,2.2341543e-05,6.868327e-06,0.018671092,0.00032237655,0.0005183581
02_019,3.7494883e-33,1.0,3.0598154e-23,1.278164e-33,1.1882384e-19,3.6194509e-25,7.615006e-30
01_019,0.8333289,8.272921e-06,0.00013445225,3.5061123e-05,0.15565255,0.0026234488,0.008217362
06_055,4.8187565e-09,1.6449038e-11,0.9999993,9.110952e-12,6.606213e-07,2.0961576e-11,1.3638827e-09
01_012,0.89144045,4.65204e-06,5.325674e-05,3.0742667e-05,0.09736654,0.004121348,0.006982974
07_049,8.041295e-10,1.0475731e-09,6.613031e-08,0.9999776,3.2863316e-08,2.2220609e-05,9.018553e-08
02_105,3.5761905e-18,1.0,9.533257e-13,4.0328467e-18,4.315428e-11,8.583582e-14,1.1807891e-16
02_032,2.7294806e-13,1.0,2.6530986e-09,5.670873e-13,3.896076e-08,5.3535704e-10,4.3745554e-12
02_036,9.18814e-17,1.0,9.378717e-12,1.2330976e-16,3.3268727e-10,1.7255752e-12,2.9379526e-15
04_010,0.0017688138,7.274602e-07,1.3998894e-05,2.9005068e-06,0.021271756,0.022578102,0.9543637
01_032,0.97621024,4.768686e-06,0.00018634647,3.0595314e-05,0.022410968,0.000359344,0.0007977099
06_067,9.3187245e-09,1.0596342e-11,0.9999994,4.18931e-12,5.997447e-07,4.2262843e-12,8.145779e-10
03_051,1.7159665e-06,1.544643e-08,7.412609e-05,1.5999974e-09,0.9998909,3.2217285e-05,1.0458688e-06
06_056,1.8794253e-07,2.0004813e-09,0.99999106,5.179616e-10,8.214189e-06,1.2102285e-09,4.4931363e-07
06_037,1.1667418e-07,5.393357e-10,0.99998283,4.3612217e-10,1.697266e-05,2.1390503e-09,6.1923956e-08
02_093,2.704916e-16,1.0,1.8393904e-11,4.657533e-16,6.237625e-10,3.7248507e-12,1.02021e-14
01_005,0.99115866,9.996384e-07,9.106921e-06,3.437714e-06,0.008550883,0.00010541706,0.00017155844
07_096,3.0942107e-12,7.665171e-12,3.883926e-09,0.9999937,2.8680443e-11,6.2704976e-06,1.7453214e-09
02_050,1.241283e-09,0.9999902,1.1508158e-06,2.5196762e-09,8.385904e-06,2.9681513e-07,7.8286035e-09
03_099,0.45590574,0.0007010516,0.0047703017,0.0021509004,0.4420024,0.028971808,0.06549782
02_103,8.470182e-28,1.0,1.6914578e-19,5.452512e-28,1.4594711e-16,5.399358e-21,4.679167e-25
03_045,0.54812723,2.8609138e-05,0.00030403645,5.8068388e-05,0.44475055,0.0025762066,0.0041552894
02_054,2.3824278e-19,1.0,1.5791238e-13,2.61135e-19,1.9510796e-11,1.8631865e-14,2.591209e-17
01_052,0.9692991,3.849541e-06,4.961192e-05,1.8454954e-05,0.029245574,0.000523274,0.0008601533
03_048,1.8020119e-05,3.3322283e-07,0.00048086495,4.6235858e-08,0.99936026,0.00013515462,5.3044723e-06
04_032,8.9618246e-10,2.2859267e-12,5.4154683e-08,3.4542334e-11,1.5669468e-06,6.8693707e-06,0.99999154
03_029,1.9100624e-05,1.06525206e-07,2.7113487e-05,7.826094e-09,0.99988914,6.175531e-05,2.7219878e-06
02_042,5.1011666e-18,1.0,1.1210128e-12,5.140019e-18,7.115237e-11,1.4278907e-13,2.9855722e-16
06_009,0.04374665,0.0005123578,0.13328171,0.00033029364,0.8150909,0.0039607785,0.003077378
06_073,8.202811e-10,1.4436031e-13,0.9999994,5.299447e-14,5.7793613e-07,9.365425e-13,3.8535256e-12
01_111,0.058181357,0.00062987726,0.828182,0.0010560144,0.10642995,0.0007074765,0.004813366
07_046,0.0009142259,0.0008412983,0.0048024207,0.92816865,0.008928647,0.03175525,0.024589542
01_092,0.6058363,4.2659573e-05,0.00023644781,0.00024491656,0.32282373,0.021725727,0.049090207
06_039,2.196789e-07,7.212613e-10,0.9999949,2.9007058e-10,4.702899e-06,2.4687563e-10,2.0345014e-07
03_008,0.0020868103,1.1028918e-05,0.00049534166,8.818196e-06,0.9959623,0.0013330601,0.00010252517
03_009,3.0976447e-05,1.2340448e-06,0.00014845174,1.7235662e-07,0.99963844,0.00016574135,1.5038632e-05
02_046,3.7617262e-24,1.0,4.1413244e-17,5.3989175e-24,1.24001405e-14,2.912273e-18,2.3049885e-22
05_050,0.06076422,0.0049307635,0.009207356,0.022303648,0.29215428,0.37325642,0.23738334
06_042,1.632707e-08,1.9972744e-11,0.9999994,6.851242e-12,6.235275e-07,3.7823663e-12,4.0752366e-09
04_029,0.29065013,0.00013793867,0.0014767579,0.00041098762,0.42943722,0.049992178,0.22789481
01_119,0.9863831,5.5347828e-06,8.131497e-05,1.3583109e-05,0.0131907575,0.00013110091,0.00019449269
04_019,2.6972714e-07,1.3832824e-10,3.2681882e-08,9.0196867e-10,5.9248563e-05,0.00067509455,0.9992654
01_083,0.90648276,1.5258597e-06,1.1211039e-05,1.2110099e-05,0.08512743,0.002804542,0.0055604023
01_056,0.98271334,3.549401e-06,5.5091212e-05,1.9371248e-05,0.016231278,0.00036948523,0.00060798577
02_071,8.183197e-10,0.9999876,8.8680616e-07,2.8154983e-09,1.130402e-05,1.9251497e-07,4.751002e-09
07_116,1.4300979e-11,1.5446654e-11,1.6937982e-09,0.99999285,2.9940286e-10,7.2120215e-06,3.541414e-09
01_013,0.9867387,2.6603577e-06,5.336571e-05,1.4167475e-05,0.012659829,0.00023664354,0.0002945464
06_077,8.257613e-07,1.477652e-09,0.99999225,6.6647854e-10,6.7105157e-06,1.6709942e-10,1.931822e-07
04_016,5.860647e-06,1.2688312e-08,3.144333e-07,1.2635681e-07,0.00050248933,0.012661552,0.9868297
01_101,0.029023211,0.0006330525,0.08585799,0.0008687099,0.8253283,0.005663568,0.052625265
07_107,4.500117e-08,1.387435e-07,2.7368267e-05,0.9993736,7.704261e-08,0.00059715885,1.6177696e-06
02_029,6.5833347e-13,0.9999999,7.666634e-09,1.433808e-12,8.671398e-08,7.8045514e-10,7.719785e-12
06_069,8.045452e-13,4.1596273e-17,1.0,1.0901113e-17,2.2296237e-10,8.637482e-18,4.6716597e-13
03_092,0.031246195,5.6646328e-05,0.0011415248,5.3718843e-05,0.9629381,0.0035175427,0.001046268
06_072,2.9205788e-10,2.2742634e-13,1.0,6.201194e-14,3.5127623e-08,8.3388266e-14,5.040738e-10
06_057,3.0962738e-10,1.1401818e-13,0.9999993,4.579802e-14,6.77777e-07,1.0543837e-12,4.7278e-12
04_020,2.5643747e-06,1.3938792e-08,2.7235635e-06,1.722529e-07,0.00021089548,0.0025753216,0.9972083
02_040,7.2467616e-26,1.0,3.3350295e-18,5.365753e-26,1.2903301e-15,1.1262295e-19,6.923811e-24
07_086,2.4111821e-09,5.255378e-09,2.499369e-07,0.9999604,1.4822548e-08,3.9096172e-05,1.9331593e-07
07_033,9.2789836e-05,9.356228e-05,0.00066227413,0.9938069,0.0005230233,0.0043089823,0.00051243434
03_086,0.00034825507,7.861415e-07,2.7949887e-05,2.054933e-07,0.99901867,0.0005388001,6.535679e-05
03_047,0.00011958618,8.009589e-06,0.0018932491,1.9240842e-06,0.9968177,0.001057217,0.00010228367
01_123,0.3122003,0.0006885441,0.036449425,0.0012514299,0.6345699,0.0040049157,0.010835518
06_119,1.779928e-10,6.1130376e-13,0.9999999,2.4936292e-13,1.7773102e-07,2.35663e-12,1.1165747e-11
07_076,8.54525e-20,1.3856242e-19,9.374835e-16,1.0,2.6505853e-16,8.205743e-10,1.5588535e-15
03_003,4.9774426e-05,2.594226e-06,2.3439507e-05,4.9001574e-07,0.9985765,0.0009561194,0.00039109777
06_109,6.8191935e-10,6.202344e-13,0.9999999,1.5609972e-13,6.797488e-08,3.7211136e-13,1.0460012e-09
06_062,2.8838505e-08,4.926591e-11,0.9999988,1.4571087e-11,1.2337753e-06,2.2396234e-11,4.1731827e-08
04_034,3.624075e-07,4.047428e-10,1.0516333e-06,6.9890077e-10,0.00016617158,3.0654897e-05,0.9998018
05_006,5.6165254e-06,2.441034e-07,3.3256727e-06,4.896448e-06,0.11499392,0.8831701,0.001821805
01_094,0.78796357,3.216461e-05,0.00041331342,0.00019542106,0.1882804,0.0060002473,0.017115012
01_088,0.73154676,4.535377e-05,0.0013470469,0.00018327402,0.2536225,0.0034207248,0.009834292
06_022,0.0011333463,3.050094e-07,0.93613327,9.605182e-08,0.06272895,1.6198285e-06,2.197467e-06
05_003,2.3860166e-06,9.9757074e-08,1.0095639e-05,2.8075403e-06,0.0003906635,0.05328299,0.946311
02_069,0.019852038,0.38969463,0.25603914,0.026635626,0.21433643,0.043042514,0.050399616
06_015,5.7338487e-16,1.0448149e-20,1.0,1.2387143e-21,2.0709547e-12,4.4523324e-21,4.0957026e-16
02_087,3.4192162e-24,1.0,6.330033e-17,2.9742383e-24,1.4925791e-14,2.3893004e-18,4.8996375e-22
07_015,1.1637851e-05,1.5429488e-05,0.00023412552,0.9966546,4.712988e-05,0.0028954113,0.00014162966
05_010,0.00010606933,2.3858274e-06,2.6129435e-05,3.0487285e-05,0.004933953,0.24308233,0.7518187
05_032,0.00032202285,2.281528e-05,5.875724e-05,0.00028106943,0.0349851,0.8247878,0.13954242
06_111,6.5285725e-08,3.7697934e-09,0.9999659,2.7138147e-09,3.4022672e-05,3.6529325e-08,2.1396749e-09
05_015,0.0018901724,5.01143e-06,3.941558e-05,4.054165e-05,0.01758775,0.078509115,0.901928
02_066,4.32082e-27,1.0,5.739617e-19,2.3542849e-27,5.5692363e-16,2.6766935e-20,4.611531e-24
06_104,1.2102247e-10,6.5839066e-15,1.0,2.9550938e-15,4.6971447e-08,1.3461714e-14,2.8935987e-13
07_048,4.2422774e-10,1.0074702e-09,9.800085e-08,0.99998355,5.5675926e-09,1.6344859e-05,4.79932e-08
03_020,0.1445275,9.9781966e-05,0.00095979427,0.00061586936,0.7638193,0.05200446,0.03797328
05_002,3.4381002e-05,1.1535511e-06,1.9488846e-06,5.8940164e-05,0.002153135,0.9840469,0.013703548
06_108,3.106232e-09,3.4696384e-12,0.99999976,1.5468307e-12,2.753513e-07,1.9243973e-12,1.7732882e-08
03_089,0.97267634,2.7010475e-07,2.4147616e-06,1.9600632e-06,0.026105145,0.00043102252,0.0007829411
01_091,0.0016735026,8.1285e-05,0.9853625,8.02873e-05,0.011081397,0.00014053444,0.0015805233
02_024,6.0526567e-10,0.9999882,4.7044574e-07,3.8853423e-09,1.0972477e-05,3.7302019e-07,3.168427e-09
07_021,8.136934e-09,9.352362e-09,3.439141e-07,0.9999653,9.8491704e-08,3.332863e-05,7.895565e-07
01_014,0.9574868,1.2280914e-05,0.00015647372,6.583164e-05,0.03918895,0.001264296,0.0018252811
03_083,0.6696808,4.5946486e-05,0.00036099218,0.00014504847,0.29757813,0.010191822,0.021997206
02_057,1.0742851e-10,0.9999976,2.1141105e-07,2.8354327e-10,2.1786302e-06,5.2749584e-08,1.0985037e-09
01_065,0.40802228,0.004554077,0.018984215,0.0113266455,0.42570305,0.05539551,0.07601419
07_009,1.6510021e-12,5.195557e-12,2.6524711e-09,0.9999943,2.1729693e-11,5.6720833e-06,1.0888149e-09
07_108,1.9869398e-13,5.6301697e-13,6.1046157e-10,0.99999297,2.4077643e-12,7.0784204e-06,3.3888178e-10
07_044,7.4072416e-13,2.182527e-12,8.555931e-10,0.99999857,6.3443873e-12,1.463795e-06,4.729191e-10
07_063,2.9447327e-07,3.5298464e-07,1.2352734e-05,0.997743,1.1944893e-06,0.0022256223,1.7304821e-05
06_087,1.4295277e-07,3.129415e-10,0.99989235,1.7122613e-10,0.00010747574,5.509094e-09,5.081492e-09
07_007,1.3356035e-06,1.3941385e-06,8.520715e-06,0.9991073,2.027654e-05,0.00080108864,6.019159e-05
03_082,0.36731237,0.0002569608,0.003296998,0.0003376837,0.52765125,0.020474626,0.08067015
07_100,4.426493e-10,1.1698972e-09,1.4231804e-07,0.99992657,1.875047e-09,7.316707e-05,7.888919e-08
07_058,3.0168374e-05,3.9033515e-05,0.0004200875,0.9921108,9.970049e-05,0.006994118,0.0003062346
01_093,0.23956835,6.5497166e-05,0.6327502,3.9971725e-05,0.11112114,0.00020605697,0.016248778
07_005,7.473097e-10,1.1584543e-09,4.421111e-08,0.9999869,8.1868645e-09,1.2991867e-05,1.118178e-07
01_035,0.9712343,2.4464456e-05,0.0022890395,6.0944978e-05,0.02587081,0.0001458763,0.00037459884
06_048,2.3063121e-06,3.5794415e-08,0.99992895,1.8280675e-08,5.9921254e-05,2.6642091e-08,8.651075e-06
05_026,0.00067420665,4.925061e-05,0.0015600557,0.00012061758,0.86200607,0.13305427,0.002535492
01_004,0.99866664,1.1828829e-07,1.6861854e-05,3.3306966e-07,0.0013104228,2.6859975e-06,2.9005023e-06
06_026,2.2653518e-11,9.55595e-15,1.0,3.0262107e-15,1.0918496e-08,1.7418426e-14,7.954044e-12
01_042,0.03804493,0.0013718585,0.0079950625,0.0016280111,0.86052334,0.03504348,0.05539338
02_086,5.810521e-15,1.0,2.1239822e-10,1.0098486e-14,3.7474037e-09,2.0532648e-11,1.09774596e-13
05_008,2.5608228e-05,1.1817477e-06,1.9056224e-05,1.4392476e-05,0.34284577,0.6548533,0.0022407025
07_029,1.0850105e-13,2.5396512e-13,3.0938356e-11,0.9999999,4.0584537e-12,1.5146556e-07,6.5602274e-11
02_090,2.6925259e-11,0.99999917,9.329183e-08,7.875527e-11,7.1396886e-07,2.395535e-08,2.9722041e-10
03_025,1.9082041e-05,2.2845465e-07,3.880808e-05,2.8525543e-08,0.9996407,0.00029288526,8.241358e-06
07_061,0.0006296894,0.0013512451,0.18743446,0.79364467,0.0008051339,0.01561258,0.0005222721
07_097,1.0114338e-08,2.1869921e-08,2.2555414e-06,0.99899286,3.449657e-08,0.0010036017,1.3341127e-06
06_081,2.7341231e-13,2.5245395e-17,1.0,3.520532e-18,9.8734604e-11,5.07239e-18,4.2328896e-14
07_002,3.319438e-13,5.4662454e-13,7.459903e-11,0.99999976,1.8071362e-11,2.3083754e-07,1.3200056e-10
06_030,1.631065e-05,8.625466e-08,0.99906856,6.7955625e-08,0.00091380277,3.570812e-07,6.903141e-07
01_079,0.24332197,0.00034598715,0.62937844,0.00044479215,0.12401176,0.0008076902,0.0016894526
04_031,3.745419e-05,2.6263809e-08,1.216952e-06,7.844919e-08,0.0027451653,0.003740365,0.99347574
02_027,3.7869264e-22,1.0,1.6078154e-15,3.470257e-22,2.4482264e-13,1.06940246e-16,4.789046e-20
